Alcoholic Beverages_p,Animal Products_p,Animal fats_p,"Aquatic Products, Other_p",Cereals - Excluding Beer_p,Eggs_p,"Fish, Seafood_p",Fruits - Excluding Wine_p,Meat_p,Milk - Excluding Butter_p,Offals_p,Oilcrops_p,Pulses_p,Spices_p,Starchy Roots_p,Stimulants_p,Sugar Crops_p,Sugar & Sweeteners_p,Treenuts_p,Vegetal Products_p,Vegetable Oils_p,Vegetables_p,Miscellaneous_p,Country,Obesity,Undernourished,Confirmed,Deaths,Recovered,Active,Population
0.0,9.7523,0.0277,0.0,35.9771,0.4067,0.0647,0.5824,3.1337,5.5278,0.5916,0.2034,1.2479,0.1664,0.1941,0.5546,0.0,0.0,0.1387,40.2477,0.0,1.137,0.0462,Afghanistan,4.5,29.799999237060547,0.142134196465269,0.00618577887381833,0.12337392108508,0.0125744965063707,38928000.0
0.184,27.7469,0.0711,0.0,14.2331,1.8069,0.6274,1.2757,7.6582,16.475,1.1084,0.3722,1.4555,0.0,0.8867,0.2635,0.0,0.0042,0.2677,22.2552,0.0084,3.2456,0.0544,Albania,22.3,6.199999809265137,2.9673009161381296,0.0509513742071882,1.7926356589147299,1.12371388301621,2838000.0
0.0323,13.835999999999999,0.0054,0.0,26.5633,1.2916,0.635,1.1624,3.5088,8.0616,0.3283,0.183,2.5509,0.1776,1.4638,0.4628,0.0,0.0,0.2745,36.1694,0.0269,3.1267,0.1399,Algeria,26.6,3.9000000953674316,0.244897085014767,0.0065581531663548,0.167572198300156,0.0707667335482562,44357000.0
0.6285,15.2311,0.0277,0.0,20.3882,0.1756,5.4436,1.2754,7.6248,1.146,0.8133,2.1534,4.085,0.0,5.1941,0.1017,0.0,0.0092,0.0092,34.7782,0.0092,0.8133,0.0924,Angola,6.8,25.0,0.0616874730951356,0.00146054978168624,0.0568076994034807,0.00341922390996864,32522000.0
0.1535,33.1901,0.1289,0.0,10.5108,0.485,8.2146,1.2586,16.067,7.4349,0.8534,0.7674,0.8841,0.3438,0.4666,0.4113,0.0,0.0,0.0737,16.8161,0.043,1.6024,0.2947,Antigua and Barbuda,19.1,5.099999952316284,0.293877551020408,0.007142857142857141,0.190816326530612,0.0959183673469388,98000.0
0.1704,31.9799,0.0097,0.0,13.6702,2.0593,1.0223,0.5209,21.625,5.8322,1.4313,0.0097,0.2434,0.0292,1.3096,0.9688,0.0,0.0049,0.0438,18.0176,0.0,1.0516,0.0,Argentina,28.5,4.599999904632568,4.35614738744298,0.108226634638694,3.9051920576503503,0.342728695153933,45377000.0
0.0411,22.8846,0.1438,0.0,18.2738,1.756,0.8831,1.1142,8.5233,10.038,1.5404,0.2619,0.9191,0.0154,0.9191,0.5545,0.0,0.0051,0.2208,27.1154,0.0205,4.6621,0.1078,Armenia,20.9,4.300000190734863,5.681224627875509,0.10534506089309899,5.398410013531799,0.17746955345060897,2956000.0
0.2914,32.9787,0.07400000000000001,0.0046,10.9343,1.0916,2.8585,0.518,18.8298,8.432,1.6929,0.6984,0.2683,0.1203,0.9944,0.7031,0.0,0.0,0.7724,17.0213,0.0463,1.4524,0.2174,Australia,30.4,2.5,0.11202531645569601,0.00352954880795216,0.10128912013667801,0.007206647511066241,25754000.0
0.615,30.0009,0.3376,0.0,13.1508,2.1456,1.8358,0.6242,13.6549,11.4954,0.5318,1.5028,0.2405,0.1341,1.045,0.726,0.0,0.0139,0.3561,19.9991,0.0647,1.5259,0.0,Austria,21.9,2.5,4.73998205070675,0.0896791563832174,4.49687009199013,0.15343280233340803,8914000.0
0.3465,16.3039,0.0596,0.0,28.2218,1.4078,0.4873,0.5631,6.8551,6.8497,0.6444,0.0541,0.1787,0.0108,1.7652,0.2328,0.0,0.0,0.3411,33.7015,0.0217,1.9114,0.0433,Azerbaijan,19.9,2.5,2.28553620894341,0.0312227938266719,2.2255738029283703,0.0287396121883657,10108000.0
0.0325,34.1684,0.0895,0.0,7.8081,1.6755,5.734,1.8788,20.4311,4.8312,1.4152,0.8052,0.2765,0.244,0.366,0.4311,0.0,0.0,0.1464,15.8276,0.0325,2.6759,1.1305,Bahamas,32.1,4.719999980926514,2.10076335877863,0.0447837150127227,1.7351145038167899,0.320865139949109,393000.0
0.0,9.9195,0.0083,0.0,31.7243,0.7216,5.8306,0.3069,1.2773,1.8578,0.2239,0.5972,3.2512,0.7465,1.9574,0.1161,0.0083,0.0332,0.1078,40.0846,0.0,1.2026,0.0249,Bangladesh,3.4,14.699999809265137,0.31669110588955796,0.00482306591523417,0.28434358602900894,0.027524453945315,169809000.0
0.1344,28.2153,0.11199999999999999,0.0,12.3067,1.4508,6.6939,0.6890000000000001,13.9872,5.3944,0.5826,1.2324,2.6608,0.3137,1.4228,0.3585,0.0,0.0,0.2465,21.7791,0.027999999999999997,1.4844,0.9075,Barbados,24.8,3.9000000953674316,0.58397212543554,0.0062717770034843206,0.47003484320557504,0.107665505226481,287000.0
0.3401,27.0935,0.1328,0.0,13.7248,2.2901,2.4548,0.441,14.2402,6.0202,1.9554,0.5207,0.0053,0.0213,4.1552,0.3029,0.0,0.0,0.3454,22.9065,0.0213,2.8587,0.17,Belarus,26.6,2.5,2.7408959999999998,0.018912,2.612704,0.10928,9375000.0
0.5466,28.4976,0.4678,0.0,13.7687,1.9599,2.9989999999999997,0.6156,10.0507,11.9121,1.0981,0.2216,0.6993,0.1182,1.9304,0.4235,0.0,0.0049,0.5417,21.5098,0.1133,2.5213,0.0,Belgium,24.5,2.5,6.28632218844985,0.185427702996092,0.0,6.100894485453759,11515000.0
0.201,18.9431,0.0893,0.0,18.6156,0.9378,2.3074,1.5035,10.748,4.5999,0.2531,1.7864,5.9918,0.0521,0.4094,0.2903,0.0,0.0,0.1265,31.0607,0.0372,1.3844,0.6624,Belize,22.4,7.5,2.8727923627684997,0.0730310262529833,2.7396181384248197,0.0601431980906921,419000.0
0.7448,11.1646,0.0078,0.0,18.3955,0.225,3.6853,0.3491,5.6948,1.094,0.45,3.2508,4.275,1.6293,7.7818,0.0233,0.0,0.0,0.5741,38.8393,0.0,1.7457,0.0698,Benin,8.2,10.100000381469727,0.0343435170775657,0.000450487345400934,0.0291833893029732,0.00470964042919158,12209000.0
0.1826,22.6898,0.0219,0.0,18.0364,1.4609999999999999,0.5552,0.9131,17.0794,3.2143,0.3506,0.5114,2.0747,0.1023,3.4772,0.4894,0.0,0.0,0.431,27.3139,0.0146,0.9204,0.1607,Bolivia,18.7,17.100000381469727,1.9524456288145802,0.0924353133327602,1.4386142869423202,0.42139602853950003,11633000.0
0.5332,18.3339,0.0633,0.0,19.2578,0.7918,0.8341,0.7338,6.7096,9.3808,0.5543,0.6863,1.6998,1.3461,1.8582,0.9449,0.0,0.0053,0.2059,31.6634,0.0158,4.1651,0.2164,Bosnia and Herzegovina,19.4,2.5,3.76208473026516,0.145534897896983,2.9603169765315496,0.656232855836635,3281000.0
0.3682,20.29,0.1534,0.0,21.8932,0.3299,0.8208,0.3759,8.3615,9.3971,1.2274,1.5572,1.3194,0.4066,1.7413,0.3068,0.0,0.0,0.0384,29.71,0.0153,1.189,0.4986,Botswana,16.1,26.399999618530273,1.0143720328010402,0.00703495899870522,0.844799309451877,0.162537764350453,2317000.0
0.2807,29.0557,0.1266,0.0,12.1671,1.1831,1.3537,0.7759,18.7486,7.0053,0.6383,0.4788,4.7326,0.022000000000000002,0.8640000000000001,0.6879,0.022000000000000002,0.0165,0.066,20.9443,0.022000000000000002,0.8089,0.0,Brazil,22.3,2.5,4.46016514645063,0.108602912016316,3.97946858534927,0.37209364908503795,211812000.0
0.6659,24.988000000000003,0.24,0.012,17.5666,1.6079,1.3379,0.7499,11.6331,8.7833,1.3739,0.7619,0.7859,1.6319,0.6959,0.588,0.0,0.0,0.132,25.011999999999997,0.024,1.3139,0.096,Bulgaria,27.4,3.5999999046325684,3.2272556662335803,0.134416053125451,2.7889562581204,0.303883354987729,6927000.0
1.3659999999999999,7.1846,0.0066,0.0,29.1784,0.4466,1.4842,0.0591,2.975,1.7666,0.5057,5.7595,5.6019,0.0657,0.2496,0.0328,0.0,0.0,0.0854,42.8121,0.0,0.3809,0.0394,Burkina Faso,4.5,20.0,0.053709993780797,0.000641056307707028,0.0480313830550639,0.00503755441802612,20903000.0
0.3173,18.5332,0.0649,0.0072,20.5668,1.0024,2.3004,0.649,8.4734,6.3172,0.3678,0.3534,5.2138,0.6707,1.0673,0.2885,0.0,0.0,0.0505,31.4704,0.0361,1.6875,0.5625,Cabo Verde,10.6,12.600000381469727,2.5863309352518,0.0242805755395683,2.4611510791366897,0.10089928057553998,556000.0
0.4817,14.6494,0.0153,0.0,25.843000000000004,0.2982,10.2607,0.2982,3.2571,0.3441,0.474,4.5722,2.2173,0.1988,0.5046,0.0535,0.0153,0.0,0.0382,35.3544,0.0,0.8946,0.2294,Cambodia,3.5,16.399999618530273,0.0030586565141640302,0.0,0.00292959927727947,0.000129057236884558,15497000.0
0.5688,8.1066,0.0144,0.0,19.7696,0.07200000000000001,3.4197,1.5119,3.4845,0.8063,0.3168,3.8301,8.9777,0.8567,3.3261,0.1008,0.0,0.0,0.3168,41.8934,0.0072,2.5414,0.0792,Cameroon,9.5,9.899999618530273,0.11803143093465698,0.00178208887886307,0.11091435446274199,0.00533498759305211,26598000.0
0.3458,25.1828,0.6868,0.0049,12.9249,2.0553,2.8755,0.6868,13.7253,5.7905,0.0445,2.416,3.7451,0.1532,1.3785,0.6374,0.0,0.0099,0.5534,24.8172,0.084,1.5909,0.2915,Canada,31.3,2.5,2.10996072270228,0.0542026708562451,1.9098481277821397,0.002356585493584708,38190000.0
0.2045,21.8538,0.0969,0.0,8.8276,0.1507,2.4330000000000003,1.0012,15.3192,1.6363,2.2069,3.6064,5.5765,0.0108,7.7726,0.3876,0.0,0.0431,0.0,28.1516,0.0,0.6890000000000001,0.0323,Central African Republic,6.3,59.599998474121094,0.103291925465839,0.0013043478260869599,0.10113871635610801,0.000848861283643892,4830000.0
0.0567,15.4353,0.0425,0.0,22.6744,0.0709,2.2689,0.0993,7.4872,2.7723,2.8006,6.6931,3.7365,0.0,1.1132,0.0142,0.0,0.0,0.0,34.5576,0.0,0.1631,0.0142,Chad,4.8,37.5,0.0205783018308941,0.0007406529596492269,0.0168809622563252,0.0029566866149197102,16877000.0
0.2314,25.6899,0.1016,0.0,17.7775,1.6141,2.0374,0.4966,16.5077,5.226,0.1919,0.4571,1.3996,0.0282,1.8285,0.316,0.0,0.0,0.2653,24.3185,0.0169,1.4222,0.0734,Chile,28.8,2.700000047683716,3.84222907036466,0.0970467385721623,3.62619414483821,0.006360297894196199,19470000.0
0.1648,30.6446,0.0471,0.0515,10.8868,2.7059,5.9326,0.43700000000000006,16.3074,2.4705,3.1282,1.7892,0.3149,0.0765,0.5253,0.387,0.0015,0.0088,0.6092,19.3546,0.0059,3.6829,0.4679,China,6.6,8.5,0.0071555243388941,0.00034384281064044503,0.0066851827422569395,0.00012649878599671298,1402385000.0
0.2626,25.6945,0.0346,0.0,15.038,2.3981,1.4444,2.1493,12.4395,8.4243,0.9468,0.6496,2.3497,0.1106,1.8037,0.1313,0.0138,0.4699,0.2211,24.3124,0.0346,0.9883,0.0829,Colombia,22.1,4.800000190734863,4.35079483860529,0.112638540571151,4.090144405792411,0.14801189224172798,49444000.0
0.7335,23.8551,0.0089,0.0,13.2021,0.1431,7.898,0.9034,13.5599,0.5725,1.6726,1.7531,1.61,0.0089,4.9732,0.0716,0.0,0.0,0.0089,26.1449,0.0179,2.7102,0.1521,Congo,8.4,40.29999923706055,0.5716745197535339,0.0145161290322581,0.379720913374411,0.17743747734686496,5518000.0
0.0739,28.0821,0.0739,0.0,12.6794,1.7744,3.5672,0.8441,10.3814,11.7861,0.499,1.4602,4.2943,0.1047,0.6099,0.5545,0.0,0.0123,0.1417,21.921,0.0062,1.0351,0.0986,Costa Rica,25.7,4.800000190734863,3.8434357268636297,0.0522793973782039,3.05578164742712,0.7353746820583059,5111000.0
0.1859,11.5833,0.0,0.0,20.0997,0.49,4.5708,1.0983,4.4187,0.6506,1.4447,2.2727,1.1406,0.4309,9.4627,1.4109,0.0,0.0,0.997,38.4167,0.0084,1.2842,0.0338,Cote d'Ivoire,9.0,19.0,0.112958930276982,0.0006189111747851,0.10610506208213902,0.00623495702005731,26175000.0
0.642,29.7692,0.1162,0.0,13.4872,1.3061,3.1767,0.5811,12.7677,11.4561,0.9408,0.5866,0.2601,0.0775,0.8966,0.9242,0.0,0.0387,0.249,20.2335,0.0221,2.4683,0.0,Croatia,27.1,2.5,5.84890547263682,0.127960199004975,5.6487064676616905,0.0722388059701493,4020000.0
0.1187,18.4193,0.0057,0.0,17.5712,1.3795,0.8706,1.1703,11.1771,4.3024,0.6841,2.6063,6.5242,0.0283,1.2438,0.1753,0.0,0.0,0.0,31.5807,0.0,2.1088,0.0339,Cuba,26.7,2.5,0.28376030493750604,0.0020654197322932397,0.230821735661732,0.0508731495434802,11281000.0
0.2117,28.43,0.0436,0.0,13.695,1.4698,4.2661,0.8657,14.6478,7.3613,0.6352,1.1335,1.1335,0.081,0.5418,0.6415,0.0,0.0062,0.4048,21.5669,0.0125,2.1548,0.6975,Cyprus,22.6,5.599999904632568,2.62170671085336,0.0174813587406794,0.170422535211268,2.43380281690141,1207000.0
1.1737,30.7412,0.3469,0.0,12.3208,1.4801,1.5611,0.5608,14.7375,11.9392,0.6765,0.3238,0.7227,0.0925,1.5842,0.5666,0.0,0.0173,0.2024,19.2588,0.0578,1.4801,0.1561,Czechia,28.5,2.5,9.612840612168721,0.15984509145203402,8.55532848077641,0.8976670399402759,10716000.0
0.3937,32.3912,0.4246,0.0,12.04,2.3133,3.7288,0.5485,12.5265,12.009,1.3889,0.3185,0.1902,0.1902,0.9731,0.9245,0.0,0.0044,0.4423,17.6088,0.0575,1.526,0.0,Denmark,21.3,2.5,3.4632183908046,0.0380168124892777,3.3073597529593397,0.117841825355979,5829000.0
0.0225,9.6191,0.0225,0.0,29.5547,0.2399,0.8097,0.3674,4.3035,3.4863,0.7647,0.2549,6.2828,0.2699,0.5248,0.1949,0.0,0.0,0.105,40.3809,0.0075,2.4142,0.3749,Djibouti,12.2,18.899999618530273,0.601315789473684,0.00637651821862348,0.592307692307692,0.00263157894736842,988000.0
0.038,27.2601,0.0634,0.0,11.2385,0.4245,5.4165,2.9142,12.2648,8.3434,0.7475,0.7095,1.7738,0.4371,3.2626,0.6018,0.0,0.0,0.0063,22.7431,0.0127,1.4634,0.2787,Dominica,28.2,6.199999809265137,0.168055555555556,0.0,0.152777777777778,0.0152777777777778,72000.0
0.4784,25.6914,0.0224,0.0,13.1111,2.0631,2.0182,3.5207,12.9167,7.1386,1.5324,0.7774,3.7823,0.0747,0.8073,0.4111,0.0,0.0,0.0374,24.3086,0.0,0.9643,0.3438,Dominican Republic,26.9,9.5,2.11569523809524,0.0266761904761905,1.57770476190476,0.511314285714286,10500000.0
0.0,22.7577,0.0988,0.0076,22.6665,1.6038,1.6494,1.1022,11.09,7.3579,0.9425,0.6385,0.8893,0.0532,0.8665,0.0532,0.0,0.0,0.0304,27.2423,0.0152,0.7753,0.1596,Ecuador,19.3,7.900000095367432,1.46830563645708,0.0856832847924162,1.19818399862943,0.184438353035235,17511000.0
0.0052,12.4994,0.0467,0.0,30.3504,0.5243,3.4934,1.0849,5.1077,2.0919,1.2302,0.5969,1.6818,0.2128,0.6696,0.2024,0.1298,0.0,0.0467,37.5032,0.0052,2.4916,0.026000000000000002,Egypt,31.1,4.5,0.16775889606460098,0.00952749422140214,0.131002053510312,0.0272293483328869,100803000.0
0.1203,17.3405,0.0468,0.0,20.588,1.5904,1.4701,0.7952,6.8961,7.0364,0.3074,1.3699,6.8426,0.0267,0.7551,0.294,0.0,0.0,0.0334,32.6495,0.0267,1.5035,0.3074,El Salvador,22.7,9.0,0.867721030705138,0.0258139176053078,0.778136090109551,0.0637710229902793,6481000.0
0.5907,28.6013,0.2233,0.0,15.0751,1.7071,1.735,0.5023,8.8097,15.424000000000001,0.7024,0.1861,0.8559,0.1674,1.3582,0.7535,0.0,0.0047,0.3582,21.401,0.0233,1.4745,0.0465,Estonia,23.8,2.9000000953674316,3.5696468820435796,0.0342599549211119,2.8285499624342596,0.7068369646882041,1331000.0
0.6034,14.767999999999999,0.0489,0.0,27.0081,0.4077,0.9296,0.7421,8.8396,3.4086,1.1253,1.3129,1.8511,0.4322,1.9979,0.1468,0.0,0.0,0.1794,35.2361,0.0,0.7747,0.1876,Eswatini,13.5,20.600000381469727,1.4656702898550702,0.0547101449275362,1.03885869565217,0.37210144927536204,1104000.0
0.1676,4.4561,0.0076,0.0,29.7303,0.099,0.1066,0.1143,1.6834,2.1938,0.3656,0.8074,10.748,0.7693,2.3461,0.3047,0.0,0.0,0.0838,45.5515,0.0,0.457,0.0076,Ethiopia,3.6,20.600000381469727,0.123092519753559,0.00186658080685022,0.109237181941592,0.0119887570051168,114916000.0
0.2232,21.1078,0.2435,0.0,16.8335,0.8386,6.3303,0.3043,10.1515,2.7323,0.8116,1.8734,4.6936,0.1826,2.7797,0.3382,0.0,0.0,0.0609,28.8922,0.0203,1.5014,0.0812,Fiji,30.0,3.700000047683716,0.00625,0.00022321428571428598,0.00591517857142857,0.00011160714285714299,896000.0
0.4797,31.2205,0.2505,0.0,13.0758,1.1632,3.8251,0.5434,11.1059,14.3706,0.501,0.3524,0.3099,0.0425,1.1123,1.0826,0.0,0.0042,0.1826,18.7816,0.0594,1.1038,0.433,Finland,24.9,2.5,0.854801953336951,0.0124434798336046,0.5606800506420689,0.281678422861277,5529000.0
0.1784,31.0849,0.2677,0.0,13.4993,1.6015,3.9079,0.6513,12.8703,11.1617,1.2714,0.4104,0.513,0.0401,0.977,0.7361,0.0,0.0045,0.3569,18.9195,0.0134,1.4811,0.0535,France,23.2,2.5,5.199054511857099,0.12155836156452099,0.367876501385895,4.7096196489066795,64940000.0
0.6967,24.3394,0.0188,0.0,15.1258,0.1695,5.2846,1.6507,14.6928,1.7071,2.4666,3.3264,0.069,0.0,3.3202,0.1004,0.0063,0.0,0.0126,25.6637,0.0126,0.9352,0.4017,Gabon,13.4,10.5,0.51353653070372,0.00318242940385477,0.483953384132676,0.0264007171671896,2231000.0
0.2116,13.0026,0.0078,0.0,26.686999999999998,0.3213,6.7403,0.0705,2.3513,3.3702,0.2116,8.0649,0.4232,0.0078,0.1332,0.4232,0.0,0.0,0.1019,37.0013,0.0157,0.6427,0.2116,Gambia,8.7,10.199999809265137,0.175299958626396,0.00554406288787753,0.160777823748448,0.00897807199007034,2417000.0
0.1495,18.4294,0.16899999999999998,0.0,27.2574,1.1636,1.4822,0.3835,6.7867,8.2299,0.5981,0.299,0.013000000000000001,0.0715,1.2936,0.6436,0.0,0.0065,0.2665,31.5673,0.026000000000000002,0.8906,0.273,Georgia,23.3,7.900000095367432,7.04226110363392,0.0879946164199192,6.80524899057873,0.149017496635262,3715000.0
0.6525,30.2658,0.3023,0.0,12.9162,1.7081,2.0631,0.6237,13.7703,12.0526,0.3646,0.7821,0.2351,0.12,1.3051,0.6669,0.0,0.0048,0.7005,19.7342,0.0288,1.7033,0.0,Germany,25.7,2.5,2.7431008403361297,0.073890756302521,2.45136614645858,0.21784393757502998,83300000.0
0.1509,12.1922,0.0079,0.0,16.2272,0.2701,6.6164,2.5417,4.1064,0.5878,0.5957,2.5576,3.2089,1.2073,10.8181,0.0159,0.0318,0.0,0.1191,37.8157,0.0159,0.8419,0.0715,Ghana,9.7,5.5,0.22542400154474898,0.00144498439159399,0.20436391722717498,0.0196150999259808,31073000.0
0.2376,26.9807,0.0998,0.0,14.543,1.2737,2.6995,0.9981,10.9548,11.0689,0.884,0.6036,1.3593,0.0665,1.1121,0.6273,0.0,0.0095,0.8887,23.0217,0.0285,2.3193,0.2234,Greece,27.4,2.5,1.5253551401869199,0.0556168224299065,0.876299065420561,0.593439252336449,10700000.0
0.1204,30.3273,0.0567,0.0,12.2414,1.8631,5.9719,1.4452,15.3939,6.5812,0.4605,0.5809,2.6991,0.5667,0.6801,0.1204,0.0,0.0,0.0425,19.6727,0.0283,0.7793,0.3684,Grenada,20.2,5.099999952316284,0.13097345132743402,0.000884955752212389,0.129203539823009,0.000884955752212389,113000.0
0.0787,15.405,0.0358,0.0,23.6119,2.6188,0.5581,0.6583,8.7221,2.9408,0.5366,1.431,6.597,0.0859,0.2504,0.4865,0.0,0.0,0.1002,34.595,0.0143,1.1806,0.09300000000000001,Guatemala,18.8,15.199999809265137,0.9018985940440608,0.0324034097199159,0.824294254400531,0.0452009299236134,18066000.0
0.0404,9.2262,0.0162,0.0,26.1017,0.4286,2.4419999999999997,1.3019,4.1077,1.4797,0.7601,3.5417,2.1590000000000003,0.0,3.0403,0.2183,0.0,0.0,0.0,40.7779,0.0081,4.2371,0.1132,Guinea,6.6,16.5,0.11675955414012701,0.0006687898089171969,0.114012738853503,0.00207802547770701,12560000.0
0.1925,10.5663,0.034,0.0,30.7701,0.2718,0.4077,0.9966,6.761,2.1857,0.9059999999999999,1.2684,1.3364,0.0,1.88,0.0793,0.0,0.0,1.8913,39.4337,0.0113,0.7928,0.2152,Guinea-Bissau,8.2,28.0,0.143850544888428,0.00238713025428127,0.12594706798131802,0.0155163466528282,1927000.0
0.1537,22.1489,0.0114,0.0,15.7922,0.2902,4.6153,0.8821,8.5306,8.5249,0.1821,2.0885,2.3902,0.6203,0.7341,0.2959,0.0,0.0,0.1821,27.8511,0.0285,4.456,0.2219,Guyana,19.2,8.100000381469727,1.00876747141042,0.0228716645489199,0.884625158831004,0.101270648030496,787000.0
0.0,9.993,0.03,0.0,22.5894,0.1302,1.3217,1.2616,6.138,1.6922,0.6809,1.3117,10.3835,0.0,2.6434,0.8511,0.0,0.01,0.0,40.012,0.01,0.8009999999999999,0.1402,Haiti,20.5,49.29999923706055,0.10311321582039801,0.00214855739717618,0.0802946593001842,0.0206699991230378,11403000.0
0.1091,17.3784,0.0156,0.0,23.5193,0.9196,0.6546,0.7481,9.11,6.1253,0.5533,0.2182,6.1877,0.0312,0.1948,0.6858,0.0,0.0,0.039,32.6216,0.0156,0.6858,0.187,Honduras,19.4,12.899999618530273,1.5602696674777,0.0376115166261152,0.6263686131386861,0.896289537712895,9864000.0
0.5289,28.3269,0.5687,0.0,15.6506,2.4056,1.035,0.4208,14.4791,9.8157,0.0171,0.2616,1.0009,0.1877,1.1601,0.4777,0.0,0.0,0.0284,21.6731,0.1081,1.8369,0.0171,Hungary,28.6,2.5,3.84073922391727,0.13336746186137,2.84579707177229,0.8615746902836079,9767000.0
0.3794,35.786,0.3298,0.0,9.3826,1.2163,9.3968,0.6383,11.7124,12.5102,0.617,0.5142,0.1596,0.1312,0.5674,0.9184,0.0,0.0035,0.1773,14.2158,0.0035,0.9787,0.3617,Iceland,23.1,2.5,1.6361413043478301,0.0078804347826087,1.61929347826087,0.00896739130434783,368000.0
0.0077,11.2582,0.0306,0.0,25.2794,0.7271,1.5537,0.6659,1.0179,7.8142,0.1225,1.1174,7.2096,0.8189,0.8955,0.17600000000000002,0.0,0.0459,0.1837,38.7418,0.0,2.3343,0.0,India,3.8,14.5,0.7732564102564101,0.0110703521177059,0.7515606742375541,0.0106253839011499,1400100000.0
0.0073,16.164,0.0219,0.0,27.3237,1.2821,10.1617,0.743,2.9210000000000003,1.0854,0.6920000000000001,2.3529,0.4953,0.3351,0.7503,0.4006,0.0,0.0219,0.102,33.836,0.0,1.2966,0.0073,Indonesia,6.9,8.300000190734863,0.42209988260794395,0.0115526295452622,0.345619877897541,0.0649273751651401,271739000.0
0.0,14.4317,0.2626,0.0,26.42,1.2388,1.9124,1.2274,7.6383,2.8201,0.5537,0.1313,2.4034,0.177,0.9248,0.3311,0.0,0.0057,1.3701,35.5712,0.0057,2.5746,0.0,Iran (Islamic Republic of),25.5,4.900000095367432,1.73424836601307,0.0694141414141414,1.4823220439691,0.18251218062982802,84150000.0
0.0083,11.1909,0.033,0.0,33.7215,2.2877,0.7433,0.7763,5.7648,2.2547,0.1074,0.3799,1.8996,0.0496,0.223,0.3469,0.0,0.0,0.2065,38.8173,0.0165,0.9911,0.1817,Iraq,27.4,29.0,1.57939836375079,0.0330044052863436,1.5082869729389599,0.0381069855254877,39725000.0
0.7787,28.5256,0.3115,0.0,14.0504,1.4017,3.2849,0.8543,13.5407,9.6847,0.3021,0.5569,0.7363,0.0991,1.364,0.59,0.0,0.0047,0.3351,21.4791,0.0425,1.9681,0.0897,Ireland,26.9,2.5,4.0485308814711205,0.0734359384369378,0.466999800119928,3.5080951429142497,5003000.0
0.11,29.564,0.0204,0.0041,12.7832,1.2755,2.6773,0.8476,16.5363,8.3374,0.7131,1.5444,1.4792,0.0652,0.6846,0.4931,0.0,0.0041,0.5134,20.436,0.0326,1.7889,0.0896,Israel,26.7,2.5,7.43905164930556,0.0550238715277778,6.60963541666667,0.7743923611111109,9216000.0
0.1827,26.7179,0.1405,0.0,16.4832,1.7191,3.7754,0.8853,12.5299,8.0191,0.5293,0.17800000000000002,1.4848,0.0141,0.7167,0.5996,0.0,0.0,0.5855,23.2845,0.0141,1.9907,0.1499,Italy,22.9,2.5,4.353685153244,0.150927093007828,3.4945286586174906,0.708229401618681,60296000.0
0.10300000000000001,24.6534,0.048,0.0137,16.5134,0.3912,4.8593,1.0913,12.6081,5.7515,0.9883,0.9266,1.2286,1.1187,1.9149,0.3226,0.0,0.0,0.0412,25.3466,0.0343,1.6747,0.3706,Jamaica,24.4,8.0,0.599537201851193,0.0127091491634033,0.43520825916696293,0.151619793520826,2809000.0
0.2541,27.7588,0.0058,0.0635,12.4213,3.5687,9.5744,0.3292,9.8112,4.1058,0.6294,4.9835,0.4966,0.1848,0.5139,0.6699,0.052000000000000005,0.0462,0.2079,22.2383,0.0289,1.9923,0.0635,Japan,4.4,2.5,0.32082053236165003,0.00505926155262886,0.284769820667318,0.0309914501417038,125967000.0
0.0072,17.4589,0.0289,0.0,24.224,0.7235,1.1287,0.615,10.360999999999999,4.7826,0.4414,1.0636,2.735,0.0941,0.4992,0.6295,0.0,0.0,0.4052,32.5447,0.0145,2.0838,0.1592,Jordan,33.4,12.199999809265137,3.12627586852702,0.0409120704185785,2.9917595280457,0.09360427006274,10679000.0
0.2369,28.9452,0.2053,0.0,14.0383,1.3317,0.6579999999999999,0.5211,12.4803,12.8645,1.4107,0.4264,0.1579,0.0316,2.3739,0.4422,0.0,0.0,0.3211,21.0496,0.0316,2.3213,0.1526,Kazakhstan,21.3,2.5,1.2994020926756398,0.0166506512919069,1.1377642536835402,0.14498718770019198,18732000.0
0.1724,12.6375,0.0411,0.0,24.2979,0.312,0.9115,0.6241,5.1897,5.4114,0.7719,0.4434,8.0145,0.0411,2.0939,0.4681,0.0,0.0,0.1314,37.3542,0.0411,1.0347,0.0082,Kenya,6.0,29.399999618530273,0.189975340008967,0.00331788970258556,0.15749140636676098,0.0291660439396204,53528000.0
1.0359,25.3298,0.1804,1.0719,14.4764,1.6698,8.3539,0.4741,11.4255,1.6440000000000001,0.9843,2.9221,0.3504,0.0618,0.3556,0.2268,0.0,0.0618,0.3762,24.6702,0.0,4.329,0.0,"Korea, South",4.9,2.5,0.156227187578455,0.00284081033583747,0.13685521716459698,0.0165311600780209,51781000.0
0.0,23.7566,0.025,0.0,17.5357,2.6897,1.6178,0.9166,12.2114,6.6516,0.556,0.4758,1.8382,0.4057,0.9416,0.6211,0.0,0.0,0.4107,26.2459,0.005,2.7047,0.3907,Kuwait,37.0,2.799999952316284,3.6247282029418,0.0205499893412918,3.4340865487102996,0.170091664890215,4691000.0
0.0469,20.2308,0.0996,0.0,21.0511,0.7441,0.1992,0.2344,6.7378,11.3136,1.1425,0.040999999999999995,1.992,0.0586,2.408,0.3515,0.0,0.0,0.3222,29.7633,0.0059,3.158,0.0996,Kyrgyzstan,15.4,7.099999904632568,1.28892932969366,0.0215802244464665,1.23660903851987,0.0307400667273279,6594000.0
0.0541,12.0786,0.1082,0.0,25.5153,0.3365,4.531000000000001,1.9709999999999999,5.9912,0.2644,0.8473,1.8629,0.9555,0.4086,0.5408,1.9409999999999998,0.0541,0.0,0.012,37.9184,0.006,4.4408,0.1622,Lao People's Democratic Republic,4.5,16.5,0.0006213753106876549,0.0,0.000566141949737642,5.523336095001379e-05,7242000.0
0.6062,28.578000000000003,0.7346,0.0,14.2299,1.8802,3.9608,0.4623,10.7367,10.449000000000002,0.8168,0.3493,0.0205,0.036000000000000004,2.7689,0.6627,0.0,0.0051,0.3134,21.4168,0.0257,1.8031,0.1438,Latvia,25.7,2.5,3.7497371188222903,0.0697686645636172,3.12297581493165,0.5569926393270239,1902000.0
0.0517,15.0004,0.0443,0.0,23.269000000000002,0.4581,1.6922,1.2266,6.9608,5.4607,0.3769,1.2636,2.8671,0.0961,0.9754,0.7389,0.0,0.0,1.2414,35.0107,0.0148,2.9705,0.2808,Lebanon,31.3,11.0,4.65693772893773,0.0521904761904762,2.94706227106227,1.6576849816849801,6825000.0
0.2653,9.5357,0.0078,0.0,32.4932,0.2107,0.4292,0.1795,5.9227,1.7948,1.1705,0.3043,4.1826,0.2107,1.9586,0.0624,0.0,0.0,0.0078,40.4682,0.0,0.7101,0.0858,Lesotho,13.5,13.100000381469727,0.437908496732026,0.00854341736694678,0.126330532212885,0.30303454715219397,2142000.0
0.0752,12.2556,0.0251,0.0,28.6591,0.4386,2.0677,1.2406,8.3208,0.3258,1.0902,1.6416,0.5639,0.0,3.8722,0.0501,0.0627,0.0,0.1504,37.7318,0.0125,1.2406,0.1754,Liberia,8.6,37.20000076293945,0.0386714116251483,0.00166073546856465,0.034994068801897996,0.00201660735468565,5058000.0
0.5273,30.7649,0.2077,0.0,12.857999999999999,1.7655,3.9345,0.3915,11.2483,13.0577,0.5512,0.3435,2.2808,0.1758,0.8588,0.4194,0.0,0.004,0.2317,19.2371,0.02,1.0785,0.0439,Lithuania,28.4,2.5,6.66707229778096,0.104760200429492,4.939620615604871,1.6226914817466,2794000.0
0.594,31.7713,0.2452,0.0047,10.4804,2.3148,3.9602,0.7732,14.1577,10.6124,0.4762,0.3253,0.2357,0.165,0.8486,2.5364,0.0,0.0047,0.0471,18.2264,0.0189,1.8717,0.33,Luxembourg,24.2,2.5,8.1506329113924,0.0933544303797468,7.66155063291139,0.39572784810126604,632000.0
0.0931,10.7114,0.0349,0.0,31.1678,0.2212,1.7813,0.8849,5.3906,2.3169,0.978,0.1746,2.1423,0.1281,3.4696,0.3842,0.0466,0.0,0.0466,39.2828,0.0,0.7219,0.0233,Madagascar,4.5,44.400001525878906,0.0688490845401033,0.0010147701419233699,0.0657794951428262,0.0020548192553537198,27691000.0
0.1544,8.4246,0.0956,0.0,23.98,0.2352,2.0731,1.4335,4.9548,0.2646,0.8013,3.2713,6.6676,0.0441,4.7048,0.0809,0.0,0.0,0.0368,41.5717,0.0,1.1836,0.0221,Malawi,4.7,17.5,0.140486147412441,0.0043753267119707295,0.0593204391008887,0.0767903815995818,19130000.0
0.0824,27.3712,0.0634,0.0127,16.6065,3.5735,10.562000000000001,0.4055,11.3603,1.527,0.2724,0.6273,1.0518,0.9314,0.3738,0.1901,0.0,0.0,0.1457,22.6256,0.0063,1.7741,0.4372,Malaysia,15.3,2.5,0.7282297672432199,0.00261431927030902,0.57036087977792,0.155254568194991,32781000.0
0.0367,30.0398,0.0612,0.0,13.4537,2.1107,18.0789,0.6363,4.9373,4.8394,0.0061,0.3793,0.312,0.6608,0.4283,0.52,0.0245,0.0061,1.0523,19.9633,0.0061,1.7619999999999998,0.6852,Maldives,7.9,10.300000190734863,3.07874306839187,0.0099815157116451,2.690573012939,0.37818853974121996,541000.0
0.2414,13.6564,0.0177,0.0,27.6544,0.1178,1.325,0.4534,5.6063,5.6769,0.9069,1.2131,3.5923,0.1354,0.7479,0.1237,0.0,0.0059,0.3651,36.3465,0.0,1.7667,0.0471,Mali,7.1,6.300000190734863,0.0402943064540023,0.00166905338008,0.0298948200088884,0.00873043306503382,20251000.0
0.2579,28.7765,0.0688,0.0,13.735,1.6073,3.6271,0.5845,13.9886,9.1968,0.2836,0.5802,1.0314,0.0774,0.7005,0.6188,0.0,0.0,0.3696,21.2257,0.0215,3.1501,0.0988,Malta,31.0,2.5,3.5586206896551698,0.053448275862069,3.04521072796935,0.459961685823755,522000.0
0.0,18.4403,0.0188,0.0,25.3429,0.451,1.6348,0.2318,7.2346,7.9737,1.1275,0.3257,3.8334,0.0125,0.23800000000000002,0.5951,0.0,0.0,0.0,31.5565,0.0063,0.8331,0.1441,Mauritania,11.3,10.399999618530273,0.36111827956989295,0.00913978494623656,0.34376344086021504,0.008215053763440859,4650000.0
0.2315,21.8521,0.0508,0.0056,20.5138,1.0277,4.122,0.3614,10.5364,5.7538,0.3444,0.7849,3.2693,0.36700000000000005,0.4404,0.3783,0.0,0.0,0.1016,28.1536,0.0169,1.3326,0.3557,Mauritius,11.5,6.5,0.0461660079051383,0.0007905138339920951,0.0426877470355731,0.00268774703557312,1265000.0
0.2784,23.4422,0.0107,0.0161,19.3737,2.8587,2.3287,0.9047,11.1188,5.6906,1.4186,0.6906,3.1103,0.3533,0.3051,0.0803,0.0,0.0428,0.1445,26.5578,0.0214,1.2473,0.0054,Mexico,28.4,3.5999999046325684,1.5071991986978799,0.129731125579066,1.15980499561788,0.217663077500939,127792000.0
0.2367,34.0697,0.1092,0.0,13.0902,0.7768,0.1032,0.085,19.8082,9.7706,3.5016,0.091,0.1456,0.0061,0.8011,0.4005,0.0,0.0,0.0243,15.9303,0.0182,0.8618,0.1699,Mongolia,19.6,13.399999618530273,0.0601904195180006,5.9506099375186e-05,0.0431121689973222,0.0170187444213032,3361000.0
0.1588,30.3005,0.0882,0.0,13.7184,1.5576,1.6591,0.9134,11.5386,14.9495,0.5074,0.3221,1.2399,0.0529,0.5074,0.8207,0.0,0.0044,0.2647,19.6973,0.0176,1.3502,0.3309,Montenegro,24.9,2.5,10.4081993569132,0.134405144694534,9.03987138263666,1.23392282958199,622000.0
0.0204,13.9914,0.0255,0.0,29.9052,0.9892,3.248,0.8464,6.5725,2.5342,0.6272,0.0816,1.5552,0.3161,0.9994,0.3518,0.0,0.0,0.4844,36.0086,0.0051,1.4175,0.0204,Morocco,25.6,3.4000000953674316,1.32111148197597,0.0233116377392078,1.2625751001335102,0.0352247441032488,35952000.0
0.1562,8.7767,0.0,0.0,24.9634,0.5467,3.2510000000000003,0.5760000000000001,3.0265,1.5619999999999998,0.4003,0.6248,7.654,0.0098,5.7796,0.2831,0.0,0.0,0.2343,41.2184,0.0,0.8591,0.0781,Mozambique,6.0,27.899999618530273,0.141538856446127,0.00144708977732144,0.0859590579477636,0.0541327087210422,31166000.0
0.386,18.3127,0.0483,0.008,19.5191,0.3217,2.7586,0.4343,9.6107,4.6244,0.941,0.4745,4.1338,0.3458,5.0828,0.2493,0.0,0.0,0.0402,31.6873,0.0241,0.764,0.2332,Namibia,15.0,27.299999237060547,1.3712711530893302,0.0146005509641873,1.3128295946477802,0.0438410074773711,2541000.0
0.0407,8.5877,0.0271,0.0,28.0559,0.3934,0.5698,0.6105,3.1407,3.7648,0.6919,0.1628,5.0943,1.1328,2.4556,0.1018,0.0814,0.0068,0.156,41.4055,0.0068,3.4866,0.0271,Nepal,3.8,8.699999809265137,0.906140818775837,0.00678423789838645,0.8928257100946791,0.00653087078277104,29996000.0
0.3823,32.7073,0.0573,0.0048,10.9008,2.1075,3.264,0.9319,13.3333,13.7921,0.1481,0.1864,0.4731,0.1625,1.6487,0.3393,0.0,0.0048,0.5926,17.2903,0.043,1.6296,0.0,Netherlands,23.1,2.5,5.81529169290662,0.0828304803343448,0.0760634339039331,5.65639777866835,17467000.0
0.3023,28.5384,0.1539,0.0165,14.1043,1.6765,3.6498,0.6651,18.0949,4.4303,0.5222,1.2917,1.1983,0.1154,1.1763,0.3463,0.0055,0.0055,0.5497,21.4533,0.011000000000000001,1.693,0.0,New Zealand,32.0,2.5,0.0465209544816523,0.000501303388810908,0.0446962101463806,0.0013234409464608,4987000.0
0.0907,16.6679,0.0302,0.0,23.8869,1.1188,1.217,0.4158,7.5894,5.9264,0.7786,0.9902,6.1607,0.0076,0.4611,0.0832,0.0,0.0,0.0076,33.3359,0.0076,0.8542,0.3704,Nicaragua,21.8,17.0,0.0954972710733778,0.00257731958762887,0.0640539721043056,0.0288659793814433,6596000.0
0.0061,7.6195,0.0244,0.0,22.2968,0.0427,0.3602,0.2686,3.1321,3.4739999999999998,0.5922,4.1028,13.1876,0.1587,0.2625,0.0549,0.0,0.0,0.0,42.3774,0.0,2.0209,0.0183,Niger,4.7,16.5,0.0190086402910414,0.0006821282401091411,0.0163297366571582,0.00199677539377403,24189000.0
0.456,6.3757,0.0089,0.0,24.4299,0.6349,2.3786,0.7154,2.4323,0.5991,0.3219,3.0135,5.723,0.5097,5.9734,0.0179,0.0,0.0,0.2236,43.6287,0.0,2.5306,0.0268,Nigeria,7.8,13.399999618530273,0.0675472979528476,0.000798971572717571,0.0546022120888716,0.0121461142912584,206140000.0
0.2603,20.409000000000002,0.0558,0.0,17.4032,1.0226,0.9854,0.9173,8.3173,9.0796,0.9482,1.159,1.8903,0.4648,1.6362,0.9049,0.0,0.0,0.3967,29.5941,0.0248,4.3694,0.1611,North Macedonia,23.9,3.200000047683716,4.54802884615385,0.140192307692308,4.02572115384615,0.382115384615385,2080000.0
0.3223,29.2815,0.3132,0.0,11.9831,1.6431,6.7042,0.6763,10.4943,9.7681,0.3586,1.1075,1.6704,0.0545,1.044,1.0894,0.0,0.0,0.3677,20.7208,0.1135,1.1983,1.0894,Norway,25.0,2.5,1.2001670688695,0.0108037868943753,0.334100612585855,0.85526266938927,5387000.0
0.0294,24.7856,0.0294,0.0,16.4454,1.4155,4.5695,2.4257,9.462,8.6221,0.6872,0.2819,1.439,0.5697,0.6402,0.3759,0.0,0.0,0.1762,25.2203,0.0059,2.6724,0.1468,Oman,22.9,6.800000190734863,2.86528750265224,0.0325058349246764,2.70031826861871,0.13246339910884802,4713000.0
0.0,21.0264,0.0604,0.0,20.8679,0.7472,0.4151,0.2868,4.4830000000000005,14.6868,0.634,2.3547,2.9509,0.4075,0.5660000000000001,0.3019,0.0377,0.0226,0.1057,28.9736,0.1132,0.9358,0.0226,Pakistan,7.8,20.299999237060547,0.250961346972029,0.00541640264325156,0.230941432063004,0.0146035122657735,220940000.0
0.4278,26.5459,0.1006,0.0063,16.5629,1.0316,3.1075,0.9058,13.7447,7.3725,1.1889,1.3776,2.0759,0.0315,0.4466,0.3208,0.0,0.0126,0.1258,23.4447,0.0315,0.6605,0.4781,Panama,22.5,10.0,7.6223208031753495,0.127363997198226,6.77385010506654,0.721106700910577,4283000.0
0.4165,23.353,0.1458,0.0,15.4044,2.2839,0.8678,0.6178,13.2107,4.665,2.1798,1.2009999999999998,3.5196,0.0347,1.8813,2.5824,0.0,0.0,0.0069,26.6435,0.0069,0.8469,0.1319,Paraguay,19.0,10.699999809265137,1.8966643694004102,0.0386905582356995,1.56259131633356,0.295382494831151,7255000.0
0.2423,18.8205,0.0064,0.0,18.8078,1.5493,4.6541,0.7013,7.6251,3.4173,1.5684,1.7469,3.685,0.0446,3.634,0.5802,0.0,0.0,0.0446,31.1763,0.0128,1.6066,0.0765,Peru,19.1,9.699999809265137,3.57374177431148,0.12775103582744302,3.31051364854984,0.135477089934194,32824000.0
0.1914,20.5089,0.3191,0.0,23.276999999999997,1.0211,6.6369,1.2763,9.6682,1.6273,1.2444,0.6940000000000001,0.6063,0.0798,0.6142,0.4068,0.0,0.0319,0.2632,29.4911,0.0,1.9863,0.0558,Philippines,6.0,13.300000190734863,0.488698770772305,0.0101386189211633,0.4457570199213371,0.0328031319298054,109581000.0
0.7325,26.8833,0.5045,0.0,16.5268,1.0235,2.6777,0.4657,15.7313,6.8785,0.0728,0.2619,0.5918,0.0534,2.1635,0.3056,0.0,0.0,0.1601,23.1142,0.0631,1.79,0.0,Poland,25.6,2.5,4.0281745204337005,0.10163156797331098,3.39233475813178,0.534208194328607,38368000.0
0.2926,31.7568,0.3581,0.0,11.8389,1.166,6.7383,0.8385,14.695,7.8606,0.9389,0.1528,0.8472,0.0437,1.2402,0.6201,0.0,0.0044,0.3275,18.241,0.0393,1.9564,0.0437,Portugal,23.2,2.5,7.429605070697219,0.136070209653827,5.84683568990736,1.44669917113603,10255000.0
0.3236,24.3154,0.2052,0.0,20.4719,1.8388,2.557,0.513,9.9676,9.0285,0.7182,0.1026,0.363,0.0158,1.5784,0.2525,0.0,0.0,0.0316,25.6886,0.0158,1.8073,0.2052,Republic of Moldova,20.1,5.759999942779541,4.64619519094767,0.0998585572842998,4.33369165487977,0.21264497878359304,3535000.0
0.5856,24.4846,0.0656,0.0,17.4756,2.0943,0.7871,0.6559,9.8154,10.9445,0.7777,0.253,0.595,0.41700000000000004,2.0287,0.41700000000000004,0.0,0.0141,0.1921,25.5201,0.0187,2.7314,0.1265,Romania,24.5,2.5,3.86332830933943,0.0977547944493529,3.58335845330284,0.18221506158723605,19241000.0
0.3436,27.3905,0.0834,0.0,16.2085,2.3071,3.2496,0.4123,12.6006,8.1632,0.9817,0.3682,0.7559,0.0344,2.4102,0.3534,0.0,0.0049,0.0393,22.6095,0.0245,1.615,0.0442,Russian Federation,25.7,2.5,2.6631044141399705,0.0511200616084998,2.31614224475748,0.295842107773984,146733000.0
0.5486,7.3852,0.0084,0.0,9.2421,0.0928,2.1185,3.8656,3.0047,1.6796,0.4895,2.0594,18.2478,0.0675,7.6384,0.0506,0.0,0.0,0.0,42.6148,0.0,0.8693,0.0169,Rwanda,4.8,36.79999923706055,0.12613495985176,0.0016754169240271802,0.0930126621371217,0.0314468807906115,12952000.0
0.3183,32.0169,0.1104,0.0,10.9516,0.7795,5.1770000000000005,0.8444,19.6622,5.151,1.1432,0.8639,2.28,0.1884,0.708,0.1234,0.0,0.0,0.2079,17.9799,0.0585,0.8574,0.5781,Saint Kitts and Nevis,23.1,5.099999952316284,0.0740740740740741,0.0,0.0666666666666667,0.007407407407407409,54000.0
0.3355,30.1926,0.0578,0.0,12.7653,0.5784,5.437,0.7577,18.0172,4.795,1.3072,0.856,2.3367,0.3297,0.6709,0.2082,0.0,0.0,0.1504,19.8161,0.0463,0.9312,0.4107,Saint Lucia,19.8,5.099999952316284,0.996153846153846,0.009890109890109891,0.480769230769231,0.505494505494506,182000.0
0.1677,27.105,0.027999999999999997,0.0,14.0613,0.738,2.9408,1.3195,17.9582,4.8362,0.6094,0.5591,2.8682,0.3075,1.1741,0.3522,0.0,0.0,0.1118,22.8894,0.027999999999999997,1.4481,0.4976,Saint Vincent and the Grenadines,23.8,5.699999809265137,1.08288288288288,0.0027027027027027,0.36126126126126096,0.7189189189189191,111000.0
0.1866,30.9096,0.1341,0.1341,8.4665,0.4023,7.3761,1.6968,19.3878,2.793,0.6822,3.5918,0.0,0.1574,3.5860000000000003,0.5248,0.0,0.0058,0.0292,19.0904,0.0058,0.5364,0.3032,Samoa,45.5,2.700000047683716,0.001,0.0,0.001,0.0,200000.0
0.0672,15.2065,0.0576,0.0,22.1614,0.1921,8.3285,4.6494,4.9952,1.5178,0.1153,3.1412,2.2094,0.0576,1.6523,0.0288,0.0,0.0,0.0096,34.7935,0.0192,0.586,0.2113,Sao Tome and Principe,10.6,7.0,0.643333333333333,0.00857142857142857,0.504761904761905,0.13,210000.0
0.0,21.1377,0.1371,0.0,22.5827,1.1194,1.7362,1.2279,11.3199,6.3967,0.4284,0.2741,1.8276,0.4112,0.3141,0.4512,0.0,0.0,0.2799,28.8594,0.0057,1.0966,0.3941,Saudi Arabia,35.0,7.099999904632568,1.05579464056391,0.0182557575411661,1.03089809080791,0.00664079221483405,35041000.0
0.0247,10.7308,0.0165,0.0,31.8542,0.3877,4.19,0.2309,4.3632,1.0805,0.7011,2.3095,2.095,0.1567,0.6186,0.2062,0.0,0.0,0.1485,39.2692,0.0165,1.5589,0.0412,Senegal,7.4,11.300000190734863,0.17014452938366,0.0040312947921643605,0.139106545628285,0.0270066889632107,16744000.0
0.4242,24.2531,0.0545,0.0,19.2473,1.6847,1.1272,0.8666,10.9024,9.4722,1.006,0.5394,0.9878,0.0667,0.9999,0.5697,0.0,0.0061,0.2242,25.75,0.0364,1.7575,0.0242,Serbia,23.5,5.699999809265137,5.84090843754492,0.0591059364668679,0.0,5.78180250107805,6957000.0
0.0359,11.9253,0.0,0.0,24.7486,0.3592,6.5733,0.449,2.694,1.9037,0.3951,2.3527,5.0916,0.1976,2.9813,0.1437,0.0,0.0,0.2335,38.0747,0.009000000000000001,1.7241,0.1078,Sierra Leone,7.5,25.600000381469727,0.0472859470979065,0.000990347248338975,0.0307383728218629,0.0155572270277047,7977000.0
0.7973,29.4291,0.9807,0.0,12.8688,3.0856,2.1049,0.606,13.8574,8.2842,1.1162,0.9727,0.6697,0.1515,1.7621,0.6618,0.0,0.0159,0.3189,20.5789,0.0558,1.5468,0.1355,Slovakia,22.4,3.4000000953674316,4.7926400585866,0.09401318198462101,4.361424386671549,0.33720248993042795,5462000.0
0.5488,27.4912,0.6606,0.0,15.5089,1.5092,1.6515,0.7978,12.7954,9.9853,0.8842,0.4624,0.6301,0.1779,1.1179,0.8689,0.0,0.0051,0.498,22.5062,0.0356,1.6769,0.188,Slovenia,22.5,2.5,8.2359010936757,0.171754636233952,7.312933903946741,0.751212553495007,2103000.0
0.1398,14.7782,0.0839,0.0186,15.0205,0.3168,9.1129,0.5498,3.9415,1.0622,0.2423,1.9847,5.4603,0.1398,10.9672,0.1677,0.0,0.0,0.0839,35.2218,0.0,0.4752,0.2329,Solomon Islands,20.5,8.899999618530273,0.0023776223776223802,0.0,0.0013986013986014,0.0009790209790209788,715000.0
0.4676,20.7182,0.006,0.0,24.8966,1.2409,0.9712,0.2278,13.914000000000001,2.9615,1.6246,1.157,0.6235,0.1319,0.7793,0.1679,0.0,0.0,0.03,29.2848,0.0,0.7973,0.0,South Africa,27.0,6.199999809265137,2.4714899040719103,0.0774468370564164,2.24809988595962,0.14594318105588,59628000.0
0.4855,31.0583,0.0607,0.0,11.2506,2.012,5.7607,0.7096,15.2747,7.2732,0.6769,0.6022,1.3631,0.0187,1.1157,0.6396,0.0,0.0047,0.6302,18.9394,0.013999999999999999,2.1101,0.0,Spain,27.1,2.5,6.176110003148941,0.12886742941114698,0.31568384591162,5.7315587278261795,47635000.0
0.0699,14.5498,0.0,0.0,23.7396,1.0176,7.4963,0.5438,2.4314,3.2083,0.3884,2.4703,4.4589,1.3284,0.4816,0.6448,0.0,0.0,0.1631,35.4541,0.0,1.5148,0.0388,Sri Lanka,5.4,9.0,0.312604275880932,0.00160003646806765,0.28533527829694105,0.0256689611159229,21937000.0
0.0,15.5619,0.0147,0.0,23.8327,0.2578,0.2283,0.9648,5.9434,8.2192,0.9059,1.7823,5.0302,0.0884,0.5082,0.2504,0.0295,0.0,0.0,34.4307,0.0,1.9296,0.0221,Sudan,7.4,20.100000381469727,0.0675819288923351,0.00417569385846884,0.0497023877397432,0.013703847294123,43849000.0
0.2987,20.4911,0.0166,0.0,20.7234,1.4186,3.924,1.3274,11.2992,3.5589999999999997,0.2821,1.7007,1.0204,0.0747,0.8794,0.3484,0.0166,0.0,0.0581,29.5006,0.0249,2.4224,0.6139,Suriname,26.5,8.5,1.4297520661157,0.0264462809917355,1.3180165289256203,0.0852892561983471,605000.0
0.3591,31.5441,0.527,0.0,12.2651,1.9867,3.9873,0.5829,13.3004,11.7101,0.027999999999999997,0.5363,0.499,0.1213,1.054,1.0679,0.0,0.0047,0.3591,18.4582,0.0933,1.3431,0.1726,Sweden,22.1,2.5,5.666975040955959,0.11674857858725998,0.0,5.5502264623687,10377000.0
0.408,30.6026,0.0732,0.0052,13.2925,1.6740000000000002,2.2651,0.7951,11.7127,14.1191,0.7585,0.4447,0.5964,0.1151,0.9207,0.2459,0.0,0.0105,0.8684,19.3974,0.0209,1.6740000000000002,0.0,Switzerland,21.2,2.5,6.16021542738013,0.11125781792911699,3.67848042622191,2.37047718322909,8634000.0
0.2391,24.758000000000003,0.035,0.0175,12.9738,2.4082,4.5073,0.7813,14.793,2.4431,0.5598,6.0058,0.9329,0.2041,0.2391,0.3557,0.0117,0.0,0.5364,25.2362,0.0058,2.8571,0.0991,Taiwan*,10.8,3.5,0.0039135959339263,3.81194409148666e-05,0.0035705209656925,0.000304955527318933,23610000.0
0.009000000000000001,12.1401,0.0,0.0,28.2246,0.6499,0.0903,0.5777,5.5601,4.8921,0.9568,0.6679,1.4803,0.0903,1.2546,0.2437,0.0,0.0,0.1354,37.8554,0.009000000000000001,5.0546,0.1083,Tajikistan,12.6,4.599999904632568,0.141139039134585,0.000954502068087814,0.14018453706649697,0.0,9429000.0
0.336,21.4555,0.0246,0.0328,19.8574,3.188,8.2855,0.9916,7.3431,2.0406,0.5491,1.9423,1.2375,1.8604,0.4507,0.3524,0.0,0.0,0.1147,28.5363,0.0164,1.3522,0.0328,Thailand,10.8,7.800000190734863,0.0351264015390627,0.000118736285207563,0.0254636727086903,0.00954399254516488,66534000.0
0.0433,13.5655,0.10400000000000001,0.0,26.8711,0.2166,1.9491,0.2685,10.6289,0.2772,0.3812,2.157,3.6036,0.0866,1.0135,1.2474,0.0,0.0,0.0,36.4432,0.0087,0.9356,0.1992,Timor-Leste,2.9,24.899999618530273,0.006069802731411229,0.0,0.00462822458270106,0.0014415781487101698,1318000.0
0.096,8.0251,0.0174,0.0,26.0904,0.2355,2.739,0.1221,3.9428,0.82,0.2791,1.4567,7.8768,0.1483,4.9721,0.1396,0.0,0.0,0.0,41.9749,0.0,0.8636,0.2006,Togo,7.1,16.100000381469727,0.0656601038772799,0.0009542215243386881,0.0547771469984298,0.009928735354511409,8279000.0
0.0945,24.9557,0.0532,0.0,16.7277,0.7442,4.0579,0.4725,13.5735,5.9657,0.5611,1.0514,3.2369,0.4135,1.0573,0.2008,0.0,0.0,0.2067,25.0443,0.0413,0.9864,0.5552,Trinidad and Tobago,19.7,5.5,0.5560262965668371,0.00986121256391527,0.529948867786706,0.0162162162162162,1369000.0
0.0657,14.2467,0.0909,0.0,25.144000000000002,1.1367,1.7834,0.8285,5.3804,5.4865,0.3688,1.1013,2.3795,0.3587,0.6366,0.4193,0.0,0.0,0.8538,35.7583,0.0657,3.8547,0.0404,Tunisia,27.3,4.300000190734863,1.81721587088097,0.0602051109616678,1.45330363147276,0.303707128446537,11896000.0
0.0692,17.6686,0.0395,0.0,20.5038,1.1558,0.6866,0.9879,7.2808,8.1403,0.3655,0.652,3.4675,0.3803,1.0768,0.5335,0.0,0.0049,0.8298,32.3339,0.0692,3.7145,0.0395,Turkey,32.2,2.5,3.01513787214732,0.0318676331848526,2.88105019286576,0.10222004609670801,83737000.0
0.7449,10.3906,0.0382,0.0,13.7809,0.2388,3.2184,2.6168,3.2948,3.0465,0.5539,2.6454,14.9938,0.0478,3.7341,0.0382,0.0,0.0,0.0,39.6046,0.0,0.9932,0.0191,Uganda,4.1,41.0,0.0870575632364837,0.000714894733390175,0.0313701055945432,0.0549725629085503,45741000.0
0.3075,21.693,0.0696,0.0,20.3469,2.4542,1.8276,0.4525,9.074,7.6004,0.6672,0.0174,0.6672,0.0348,3.3360000000000003,0.2031,0.0,0.0,0.1741,28.307,0.0464,2.6919999999999997,0.028999999999999998,Ukraine,26.1,3.5,3.07592273445354,0.0592058020967974,2.65338216286084,0.36333476949590704,41778000.0
0.0,20.4155,0.0606,0.0,16.2513,1.0294,2.9531,0.885,10.3405,5.4823,0.5496,0.8803,7.5411,0.5962,0.2189,0.2282,0.0,0.0,0.9875,29.5822,0.0047,1.756,0.2376,United Arab Emirates,29.9,2.5999999046325684,3.30744528533442,0.009347514829208429,3.07916751892002,0.218930251585191,9778000.0
0.4758,28.108,0.0673,0.0,13.8546,1.6724,2.5181,0.7256,14.5754,8.8375,0.4325,0.7353,1.0909,0.17300000000000001,1.9607,0.7785,0.0,0.0048,0.2979,21.8944,0.0,1.4657,0.3316,United Kingdom,29.5,2.5,5.86848272781417,0.167220071471114,0.0151608100059559,5.68610184633711,67160000.0
0.5436,7.8113,0.0084,0.0,19.244,0.0836,1.8567,1.4636,2.9857,2.877,0.0,2.9355,12.3693,0.0753,3.9977,0.0585,0.0,0.0084,0.092,42.1845,0.0,1.3883,0.0167,United Republic of Tanzania,7.1,30.700000762939453,0.00085211102554659,3.51558576355175e-05,0.000306358187966652,0.00051059697994442,59734000.0
0.2946,32.4775,0.0264,0.0044,10.4594,2.0048,2.3873,0.5935,18.0875,9.8791,0.0879,1.2706,1.0332,0.1231,1.064,0.6331,0.0,0.0747,0.4924,17.5247,0.0835,1.3981,0.0,United States of America,37.3,2.5,8.159921849896019,0.140103007778633,0.0,8.01981884211739,329878000.0
0.1599,26.7144,0.0178,0.0,16.4397,1.9187,1.5693,0.6573,11.7731,10.9203,0.5152,0.6455,1.06,0.0415,1.0897,1.6878,0.0,0.0059,0.0533,23.2856,0.0296,1.2496,0.1658,Uruguay,28.9,2.5,1.2691022373265402,0.0136222033418295,1.08946474086661,0.16601529311809698,3531000.0
0.0588,20.0246,0.0374,0.0,23.3709,1.0317,0.3582,0.7698,7.1952,10.5736,0.8286,0.1336,0.0107,0.016,1.2509,0.1604,0.0,0.0,0.1657,29.9781,0.0053,3.9985,0.0321,Uzbekistan,15.3,6.300000190734863,0.231301574296249,0.0018171709486744301,0.226751331421549,0.00273307192602563,34174000.0
0.0078,19.8713,0.0863,0.0,14.6387,0.6119,6.8016,1.1532,9.8533,1.6082,0.91,6.6761,0.0078,0.1177,5.7347,0.0863,0.0,0.0,0.0157,30.1247,0.0078,1.5847,0.102,Vanuatu,23.5,7.199999809265137,0.000311526479750779,0.0,0.000311526479750779,0.0,321000.0
0.1955,22.5411,0.1244,0.0,21.6526,0.8707,2.6477,1.0662,11.8347,6.3083,0.7641,0.0444,1.9369,0.0,1.1195,0.3287,0.0,0.0178,0.0,27.4545,0.0533,1.0129,0.0267,Venezuela (Bolivarian Republic of),25.2,21.200000762939453,0.45258509338453495,0.004286961075231279,0.42439867341595394,0.0238994588933496,28645000.0
0.1555,20.4466,0.1555,0.0056,18.5247,0.7665,5.7435,0.7165,11.0426,1.0887,1.6442,3.7994,0.9387,0.5221,0.2333,0.5444,0.0167,0.0056,0.3277,29.5617,0.0,3.7216,0.0389,Vietnam,2.1,9.300000190734863,0.00206321653899323,3.63791329293517e-05,0.00152584477543681,0.000500992630627072,96209000.0
0.0,10.0122,0.0188,0.0,35.1179,0.43200000000000005,0.9392,0.4884,5.9453,1.963,0.7232,0.2254,2.9398,0.0657,0.2066,0.3193,0.0,0.0,0.0188,39.9831,0.0,0.5448,0.0564,Yemen,14.1,38.900001525878906,0.00713136189901428,0.0020619593643130198,0.0047877690605512,0.00028163347415007,29826000.0
0.4824,9.8925,0.0338,0.0,28.5182,0.5839,3.0126,0.0931,4.3158,1.0324,0.9139,8.0562,0.6431,0.0846,1.2863,0.0762,0.0,0.0,0.0,40.1117,0.0,0.8039,0.0592,Zambia,6.5,46.70000076293945,0.334132941688425,0.00456375108790252,0.29052436901653605,0.0390448215839861,18384000.0
0.2929,11.3443,0.0391,0.0,33.1934,0.5077,1.0837,0.2636,6.6582,2.4114,0.6541,1.5230000000000001,1.6987,0.0488,0.5467,0.2636,0.0,0.0,0.1367,38.6508,0.0293,0.5955,0.0586,Zimbabwe,12.3,51.29999923706055,0.232032564085313,0.00885420170894167,0.190964139137455,0.0322142232389154,14863000.0
